file_stem,n_faces,face_any_disagree,face_label_disagree,face_label_err_rate,face_any_err_rate,n_edges,edge_any_disagree,edge_any_err_rate
00000000,9,0,0,0.0,0.0,20,0,0.0
00000001,39,5,5,0.1282051282051282,0.1282051282051282,204,8,0.0392156862745098
00000002,21,2,2,0.09523809523809523,0.09523809523809523,112,0,0.0
00000003,19,0,0,0.0,0.0,88,0,0.0
00000004,36,0,0,0.0,0.0,188,34,0.18085106382978725
00000005,28,1,1,0.03571428571428571,0.03571428571428571,144,12,0.08333333333333333
00000006,22,0,0,0.0,0.0,122,14,0.11475409836065574
00000007,4,0,0,0.0,0.0,8,0,0.0
00000008,35,5,2,0.05714285714285714,0.14285714285714285,172,0,0.0
00000009,37,5,5,0.13513513513513514,0.13513513513513514,176,2,0.011363636363636364
00000010,37,5,4,0.10810810810810811,0.13513513513513514,170,0,0.0
00000011,18,0,0,0.0,0.0,96,8,0.08333333333333333
00000012,25,1,1,0.04,0.04,128,2,0.015625
00000013,47,8,4,0.0851063829787234,0.1702127659574468,250,20,0.08
00000014,26,1,1,0.038461538461538464,0.038461538461538464,138,8,0.057971014492753624
00000015,56,6,4,0.07142857142857142,0.10714285714285714,264,4,0.015151515151515152
00000016,29,2,2,0.06896551724137931,0.06896551724137931,152,14,0.09210526315789473
00000017,30,1,1,0.03333333333333333,0.03333333333333333,166,2,0.012048192771084338
00000018,33,2,0,0.0,0.06060606060606061,180,17,0.09444444444444444
00000019,41,0,0,0.0,0.0,212,0,0.0
00000020,22,1,1,0.045454545454545456,0.045454545454545456,106,11,0.10377358490566038
00000021,36,1,1,0.027777777777777776,0.027777777777777776,178,14,0.07865168539325842
00000022,34,2,2,0.058823529411764705,0.058823529411764705,160,40,0.25
00000023,26,2,1,0.038461538461538464,0.07692307692307693,132,12,0.09090909090909091
00000024,29,0,0,0.0,0.0,142,10,0.07042253521126761
00000025,31,2,2,0.06451612903225806,0.06451612903225806,166,18,0.10843373493975904
00000026,22,0,0,0.0,0.0,100,15,0.15
00000027,31,3,2,0.06451612903225806,0.0967741935483871,126,14,0.1111111111111111
00000028,17,0,0,0.0,0.0,88,6,0.06818181818181818
00000029,26,1,0,0.0,0.038461538461538464,126,8,0.06349206349206349
00000030,32,1,1,0.03125,0.03125,160,4,0.025
00000031,26,0,0,0.0,0.0,140,8,0.05714285714285714
00000032,32,1,1,0.03125,0.03125,172,18,0.10465116279069768
00000033,18,0,0,0.0,0.0,96,8,0.08333333333333333
00000034,16,0,0,0.0,0.0,84,26,0.30952380952380953
00000035,52,2,1,0.019230769230769232,0.038461538461538464,268,8,0.029850746268656716
00000036,28,0,0,0.0,0.0,144,6,0.041666666666666664
00000037,35,1,1,0.02857142857142857,0.02857142857142857,156,84,0.5384615384615384
00000038,33,6,1,0.030303030303030304,0.18181818181818182,162,16,0.09876543209876543
00000039,27,2,2,0.07407407407407407,0.07407407407407407,124,0,0.0
00000040,20,2,1,0.05,0.1,96,0,0.0
00000041,37,1,1,0.02702702702702703,0.02702702702702703,190,2,0.010526315789473684
00000042,36,1,1,0.027777777777777776,0.027777777777777776,194,11,0.05670103092783505
00000043,38,4,2,0.05263157894736842,0.10526315789473684,192,2,0.010416666666666666
00000044,14,0,0,0.0,0.0,52,0,0.0
00000045,25,2,2,0.08,0.08,128,12,0.09375
00000046,9,0,0,0.0,0.0,40,0,0.0
00000047,24,6,5,0.20833333333333334,0.25,142,4,0.028169014084507043
00000048,28,0,0,0.0,0.0,140,8,0.05714285714285714
00000049,19,0,0,0.0,0.0,100,2,0.02
00000902,30,1,1,0.03333333333333333,0.03333333333333333,162,2,0.012345679012345678
00003331,29,1,1,0.034482758620689655,0.034482758620689655,148,2,0.013513513513513514
00003531,39,0,0,0.0,0.0,206,16,0.07766990291262135
00003959,31,4,4,0.12903225806451613,0.12903225806451613,158,8,0.05063291139240506
00004219,37,2,1,0.02702702702702703,0.05405405405405406,188,12,0.06382978723404255
00011457,36,1,1,0.027777777777777776,0.027777777777777776,170,28,0.16470588235294117
00012218,27,6,2,0.07407407407407407,0.2222222222222222,152,4,0.02631578947368421
00012342,5,0,0,0.0,0.0,8,0,0.0
00012738,9,2,0,0.0,0.2222222222222222,32,8,0.25
00013459,20,0,0,0.0,0.0,90,0,0.0
00013497,22,0,0,0.0,0.0,108,7,0.06481481481481481
00014656,22,0,0,0.0,0.0,96,2,0.020833333333333332
00018356,29,1,1,0.034482758620689655,0.034482758620689655,150,40,0.26666666666666666
00020449,21,1,1,0.047619047619047616,0.047619047619047616,96,6,0.0625
00020996,26,1,0,0.0,0.038461538461538464,124,14,0.11290322580645161
00026134,21,1,1,0.047619047619047616,0.047619047619047616,92,20,0.21739130434782608
00028293,26,0,0,0.0,0.0,136,10,0.07352941176470588
00028730,37,3,3,0.08108108108108109,0.08108108108108109,190,34,0.17894736842105263
00028966,19,0,0,0.0,0.0,88,10,0.11363636363636363
00029330,24,1,0,0.0,0.041666666666666664,128,2,0.015625
00030570,17,0,0,0.0,0.0,76,20,0.2631578947368421
00032175,35,3,1,0.02857142857142857,0.08571428571428572,174,4,0.022988505747126436
00036128,21,0,0,0.0,0.0,114,8,0.07017543859649122
00036501,47,3,1,0.02127659574468085,0.06382978723404255,244,66,0.27049180327868855
00036543,23,2,2,0.08695652173913043,0.08695652173913043,118,2,0.01694915254237288
00044208,26,2,1,0.038461538461538464,0.07692307692307693,136,40,0.29411764705882354
00044687,50,2,0,0.0,0.04,256,28,0.109375
00047142,22,0,0,0.0,0.0,94,12,0.1276595744680851
00049889,28,3,2,0.07142857142857142,0.10714285714285714,130,48,0.36923076923076925
00049942,32,0,0,0.0,0.0,168,26,0.15476190476190477
00049943,21,1,1,0.047619047619047616,0.047619047619047616,88,12,0.13636363636363635
00049944,34,3,1,0.029411764705882353,0.08823529411764706,170,10,0.058823529411764705
00049945,35,3,3,0.08571428571428572,0.08571428571428572,162,48,0.2962962962962963
00049946,17,0,0,0.0,0.0,82,16,0.1951219512195122
00049947,45,6,2,0.044444444444444446,0.13333333333333333,238,8,0.03361344537815126
00049948,51,5,3,0.058823529411764705,0.09803921568627451,274,32,0.11678832116788321
00049949,39,1,1,0.02564102564102564,0.02564102564102564,184,6,0.03260869565217391
00049950,34,0,0,0.0,0.0,166,24,0.14457831325301204
00049951,35,1,0,0.0,0.02857142857142857,190,12,0.06315789473684211
00049952,40,5,3,0.075,0.125,210,6,0.02857142857142857
00049953,20,0,0,0.0,0.0,96,2,0.020833333333333332
00049954,24,0,0,0.0,0.0,126,42,0.3333333333333333
00049955,38,2,2,0.05263157894736842,0.05263157894736842,214,6,0.028037383177570093
00049956,30,3,1,0.03333333333333333,0.1,152,6,0.039473684210526314
00049957,24,0,0,0.0,0.0,130,0,0.0
00049958,40,2,1,0.025,0.05,220,28,0.12727272727272726
00049959,19,0,0,0.0,0.0,90,40,0.4444444444444444
00049960,44,2,0,0.0,0.045454545454545456,224,7,0.03125
00049961,30,1,1,0.03333333333333333,0.03333333333333333,148,6,0.04054054054054054
00049962,22,2,2,0.09090909090909091,0.09090909090909091,104,50,0.4807692307692308
00049963,47,6,5,0.10638297872340426,0.1276595744680851,232,10,0.04310344827586207
00049964,39,0,0,0.0,0.0,198,14,0.0707070707070707
00049965,29,1,0,0.0,0.034482758620689655,140,0,0.0
00049966,7,1,0,0.0,0.14285714285714285,24,6,0.25
00049967,26,3,3,0.11538461538461539,0.11538461538461539,120,12,0.1
00049968,32,0,0,0.0,0.0,174,20,0.11494252873563218
00049969,28,1,0,0.0,0.03571428571428571,136,20,0.14705882352941177
00049970,38,2,2,0.05263157894736842,0.05263157894736842,212,24,0.11320754716981132
00049971,22,0,0,0.0,0.0,116,8,0.06896551724137931
00049972,22,2,0,0.0,0.09090909090909091,112,16,0.14285714285714285
00049973,39,1,1,0.02564102564102564,0.02564102564102564,204,6,0.029411764705882353
00049974,20,2,2,0.1,0.1,84,2,0.023809523809523808
00049975,11,0,0,0.0,0.0,42,0,0.0
00049976,20,0,0,0.0,0.0,90,10,0.1111111111111111
00049977,32,1,0,0.0,0.03125,152,12,0.07894736842105263
00049978,20,2,2,0.1,0.1,100,8,0.08
00049979,31,3,1,0.03225806451612903,0.0967741935483871,152,18,0.11842105263157894
00049980,46,0,0,0.0,0.0,236,10,0.0423728813559322
00049981,19,0,0,0.0,0.0,90,4,0.044444444444444446
00049982,23,1,1,0.043478260869565216,0.043478260869565216,96,6,0.0625
00049983,25,2,1,0.04,0.08,126,4,0.031746031746031744
00049984,29,0,0,0.0,0.0,142,43,0.3028169014084507
00049985,23,1,1,0.043478260869565216,0.043478260869565216,114,6,0.05263157894736842
00049986,38,3,2,0.05263157894736842,0.07894736842105263,180,6,0.03333333333333333
00049987,21,0,0,0.0,0.0,98,0,0.0
00049988,47,1,1,0.02127659574468085,0.02127659574468085,238,14,0.058823529411764705
00049989,33,1,1,0.030303030303030304,0.030303030303030304,152,4,0.02631578947368421
00049990,28,1,1,0.03571428571428571,0.03571428571428571,152,4,0.02631578947368421
00049991,12,1,0,0.0,0.08333333333333333,40,4,0.1
00055132,26,1,1,0.038461538461538464,0.038461538461538464,132,4,0.030303030303030304
00055451,22,0,0,0.0,0.0,102,4,0.0392156862745098
00055544,22,2,1,0.045454545454545456,0.09090909090909091,100,4,0.04
00059074,34,1,0,0.0,0.029411764705882353,184,36,0.1956521739130435
00066468,10,0,0,0.0,0.0,24,0,0.0
00071658,5,1,0,0.0,0.2,8,0,0.0
00071714,25,4,3,0.12,0.16,112,0,0.0
00073797,19,1,1,0.05263157894736842,0.05263157894736842,98,14,0.14285714285714285
00077475,31,0,0,0.0,0.0,160,14,0.0875
00077636,34,1,1,0.029411764705882353,0.029411764705882353,182,4,0.02197802197802198
00079147,57,1,1,0.017543859649122806,0.017543859649122806,294,42,0.14285714285714285
00084052,39,7,6,0.15384615384615385,0.1794871794871795,198,62,0.31313131313131315
00085425,32,0,0,0.0,0.0,148,2,0.013513513513513514
00088942,42,3,3,0.07142857142857142,0.07142857142857142,228,10,0.043859649122807015
00091752,36,0,0,0.0,0.0,200,8,0.04
00092170,35,3,1,0.02857142857142857,0.08571428571428572,176,38,0.2159090909090909
00094096,42,2,0,0.0,0.047619047619047616,204,58,0.28431372549019607
00096779,30,3,3,0.1,0.1,158,6,0.0379746835443038
00097329,44,3,1,0.022727272727272728,0.06818181818181818,240,16,0.06666666666666667
00097445,23,2,2,0.08695652173913043,0.08695652173913043,124,34,0.27419354838709675
00099710,20,0,0,0.0,0.0,100,16,0.16
00099950,51,2,2,0.0392156862745098,0.0392156862745098,278,14,0.050359712230215826
00099951,32,4,2,0.0625,0.125,140,13,0.09285714285714286
00099952,28,1,1,0.03571428571428571,0.03571428571428571,146,36,0.2465753424657534
00099953,30,0,0,0.0,0.0,158,10,0.06329113924050633
00099954,25,0,0,0.0,0.0,132,4,0.030303030303030304
00099955,28,4,2,0.07142857142857142,0.14285714285714285,130,0,0.0
00099956,36,1,1,0.027777777777777776,0.027777777777777776,170,12,0.07058823529411765
00099957,23,0,0,0.0,0.0,116,14,0.1206896551724138
00099958,45,0,0,0.0,0.0,224,0,0.0
00099959,21,0,0,0.0,0.0,114,6,0.05263157894736842
00099960,18,0,0,0.0,0.0,74,16,0.21621621621621623
00099961,25,0,0,0.0,0.0,134,0,0.0
00099962,32,0,0,0.0,0.0,166,4,0.024096385542168676
00099963,31,1,1,0.03225806451612903,0.03225806451612903,160,2,0.0125
00099964,29,5,2,0.06896551724137931,0.1724137931034483,156,0,0.0
00099965,27,1,1,0.037037037037037035,0.037037037037037035,142,4,0.028169014084507043
00099966,23,2,2,0.08695652173913043,0.08695652173913043,124,14,0.11290322580645161
00099967,39,2,2,0.05128205128205128,0.05128205128205128,192,14,0.07291666666666667
00099968,26,0,0,0.0,0.0,120,4,0.03333333333333333
00099969,37,2,2,0.05405405405405406,0.05405405405405406,206,30,0.14563106796116504
00099970,7,0,0,0.0,0.0,12,0,0.0
00099971,28,0,0,0.0,0.0,146,10,0.0684931506849315
00099972,31,0,0,0.0,0.0,160,0,0.0
00099973,19,1,1,0.05263157894736842,0.05263157894736842,102,6,0.058823529411764705
00099974,20,1,0,0.0,0.05,108,2,0.018518518518518517
00099975,34,3,3,0.08823529411764706,0.08823529411764706,174,26,0.14942528735632185
00099976,32,3,3,0.09375,0.09375,166,12,0.07228915662650602
00099977,28,0,0,0.0,0.0,154,6,0.03896103896103896
00099978,33,1,1,0.030303030303030304,0.030303030303030304,168,4,0.023809523809523808
00099979,14,0,0,0.0,0.0,70,4,0.05714285714285714
00099980,41,4,2,0.04878048780487805,0.0975609756097561,232,48,0.20689655172413793
00099981,29,0,0,0.0,0.0,154,8,0.05194805194805195
00099982,42,4,0,0.0,0.09523809523809523,212,6,0.02830188679245283
00099983,18,0,0,0.0,0.0,90,11,0.12222222222222222
00099984,53,2,0,0.0,0.03773584905660377,292,54,0.18493150684931506
00099985,36,2,2,0.05555555555555555,0.05555555555555555,196,34,0.17346938775510204
00099986,38,0,0,0.0,0.0,190,0,0.0
00099987,58,7,3,0.05172413793103448,0.1206896551724138,298,14,0.04697986577181208
00099988,20,0,0,0.0,0.0,88,16,0.18181818181818182
00099989,23,3,2,0.08695652173913043,0.13043478260869565,106,38,0.3584905660377358
00099990,24,1,1,0.041666666666666664,0.041666666666666664,124,5,0.04032258064516129
00099991,34,1,1,0.029411764705882353,0.029411764705882353,180,2,0.011111111111111112
00099992,18,0,0,0.0,0.0,86,6,0.06976744186046512
00099993,18,0,0,0.0,0.0,60,0,0.0
00099994,31,1,0,0.0,0.03225806451612903,168,20,0.11904761904761904
00099995,26,0,0,0.0,0.0,122,16,0.13114754098360656
00099996,41,0,0,0.0,0.0,216,10,0.046296296296296294
00099997,13,0,0,0.0,0.0,66,6,0.09090909090909091
00099998,30,2,2,0.06666666666666667,0.06666666666666667,160,24,0.15
00099999,22,0,0,0.0,0.0,112,16,0.14285714285714285
